SampleName,Site,ama1-D3_1,ama1-D3_2,ama1-D3_3,ama1-D3_4,ama1-D3_5,ama1-D3_6,cpmp_1,cpmp_2,cpmp_3,cpmp_4,cpmp_5,cpp_1,cpp_2,cpp_3,cpp_4,csp_1,csp_2,csp_3,csp_4,msp7_1,msp7_2,msp7_3,msp7_4,msp7_5
S10_D0,A,ama1-D3-12,,,,,,cpmp-24,,,,,cpp-14,,,,csp-13,,,,msp7-1,,,,
S10_DX,A,ama1-D3-12,,,,,,cpmp-24,,,,,cpp-14,,,,csp-13,,,,msp7-1,,,,
S11_D0,A,ama1-D3-28,,,,,,cpmp-25,,,,,cpp-11,,,,csp-14,,,,msp7-1,,,,
S11_DX,A,ama1-D3-28,,,,,,cpmp-25,,,,,cpp-11,,,,csp-14,,,,msp7-1,,,,
S12_D0,A,ama1-D3-33,ama1-D3-32,ama1-D3-4,ama1-D3-31,ama1-D3-30,,cpmp-29,cpmp-28,,,,cpp-14,cpp-16,,,csp-16,csp-7,csp-3,,msp7-8,msp7-1,msp7-16,,
S12_DX,A,ama1-D3-1,ama1-D3-33,ama1-D3-32,ama1-D3-30,ama1-D3-4,,cpmp-29,cpmp-28,cpmp-31,,,cpp-16,,,,csp-3,csp-16,,,msp7-8,msp7-16,,,
S13_D0,A,ama1-D3-36,ama1-D3-35,,,,,cpmp-36,cpmp-35,,,,cpp-33,cpp-11,,,csp-10,csp-18,,,msp7-8,,,,
S13_DX,A,ama1-D3-36,ama1-D3-35,,,,,cpmp-36,cpmp-35,,,,cpp-11,cpp-33,,,csp-18,csp-10,,,msp7-8,,,,
S14_D0,A,ama1-D3-36,ama1-D3-1,,,,,cpmp-8,cpmp-37,,,,cpp-13,cpp-28,,,csp-6,csp-20,,,msp7-18,msp7-3,,,
S14_DX,A,ama1-D3-36,,,,,,cpmp-8,,,,,cpp-13,,,,csp-6,,,,msp7-18,,,,
S15_D0,A,ama1-D3-1,,,,,,cpmp-40,,,,,cpp-21,,,,csp-22,csp-13,,,msp7-1,msp7-8,,,
S15_DX,A,ama1-D3-65,ama1-D3-35,ama1-D3-31,ama1-D3-5,,,cpmp-10,cpmp-33,,,,cpp-31,,,,csp-24,csp-15,,,msp7-24,msp7-16,,,
S16_D0,A,ama1-D3-43,,,,,,cpmp-41,,,,,cpp-24,,,,csp-4,,,,msp7-19,,,,
S16_DX,A,ama1-D3-43,,,,,,cpmp-41,,,,,cpp-24,,,,csp-4,,,,msp7-19,,,,
S17_D0,A,ama1-D3-43,,,,,,cpmp-20,,,,,cpp-32,,,,csp-2,,,,msp7-1,,,,
S17_DX,A,ama1-D3-43,,,,,,cpmp-20,,,,,cpp-32,,,,csp-2,,,,msp7-1,,,,
S18_D0,A,ama1-D3-35,,,,,,cpmp-42,cpmp-17,,,,cpp-33,,,,csp-5,,,,msp7-11,msp7-20,,,
S18_DX,A,ama1-D3-67,ama1-D3-66,ama1-D3-36,ama1-D3-48,,,cpmp-40,cpmp-28,cpmp-69,,,cpp-10,cpp-39,cpp-23,,csp-4,csp-18,csp-15,,msp7-19,msp7-1,msp7-23,,
S19_D0,A,ama1-D3-36,ama1-D3-34,,,,,cpmp-17,cpmp-27,,,,cpp-13,cpp-36,cpp-25,,csp-10,,,,msp7-1,msp7-16,,,
S19_DX,A,ama1-D3-34,,,,,,cpmp-27,,,,,cpp-25,,,,csp-10,,,,msp7-16,,,,
S1_D0,A,ama1-D3-1,,,,,,cpmp-1,,,,,cpp-1,,,,csp-1,,,,msp7-1,,,,
S1_DX,A,ama1-D3-1,,,,,,cpmp-1,,,,,cpp-1,,,,csp-1,,,,msp7-1,,,,
S20_D0,A,ama1-D3-12,,,,,,cpmp-42,,,,,cpp-13,,,,csp-2,,,,msp7-1,,,,
S20_DX,A,ama1-D3-17,,,,,,cpmp-22,,,,,cpp-10,,,,csp-15,,,,msp7-1,,,,
S2_D0,A,ama1-D3-5,ama1-D3-4,,,,,cpmp-4,cpmp-3,,,,cpp-3,cpp-2,,,csp-3,,,,msp7-3,,,,
S2_DX,A,ama1-D3-4,ama1-D3-16,,,,,cpmp-3,cpmp-26,,,,cpp-2,cpp-43,,,csp-3,csp-28,,,msp7-13,msp7-3,,,
S3_D0,A,ama1-D3-10,,,,,,cpmp-8,,,,,cpp-4,,,,csp-5,,,,msp7-1,,,,
S3_DX,A,ama1-D3-10,,,,,,cpmp-8,,,,,cpp-4,,,,csp-5,,,,msp7-1,,,,
S4_D0,A,ama1-D3-14,ama1-D3-13,ama1-D3-12,ama1-D3-6,ama1-D3-1,ama1-D3-15,cpmp-13,cpmp-12,cpmp-11,cpmp-10,cpmp-7,cpp-10,cpp-9,cpp-8,cpp-7,csp-7,csp-2,csp-3,,msp7-8,msp7-2,msp7-7,msp7-6,
S4_DX,A,ama1-D3-1,ama1-D3-14,ama1-D3-6,,,,cpmp-7,cpmp-12,,,,cpp-7,,,,csp-3,,,,msp7-6,msp7-2,,,
S5_D0,A,ama1-D3-19,,,,,,cpmp-16,,,,,cpp-3,,,,csp-10,,,,msp7-14,,,,
S5_DX,A,ama1-D3-19,,,,,,cpmp-16,,,,,cpp-3,,,,csp-10,,,,msp7-14,,,,
S6_D0,A,ama1-D3-21,,,,,,cpmp-17,cpmp-18,,,,cpp-18,,,,csp-5,csp-11,,,msp7-1,,,,
S6_DX,A,ama1-D3-58,,,,,,cpmp-64,,,,,cpp-13,,,,csp-29,,,,msp7-16,,,,
S7_D0,A,ama1-D3-25,,,,,,cpmp-18,,,,,cpp-24,,,,csp-4,,,,msp7-1,,,,
S7_DX,A,ama1-D3-25,,,,,,cpmp-18,,,,,cpp-24,,,,csp-4,,,,msp7-1,,,,
S8_D0,A,ama1-D3-15,,,,,,cpmp-21,,,,,cpp-13,,,,csp-7,,,,msp7-15,,,,
S8_DX,A,ama1-D3-15,,,,,,cpmp-21,,,,,cpp-13,,,,csp-7,,,,msp7-15,,,,
S9_D0,A,ama1-D3-1,,,,,,cpmp-2,,,,,,,,,csp-12,,,,msp7-1,,,,
S9_DX,A,ama1-D3-1,,,,,,cpmp-2,,,,,cpp-26,,,,csp-12,,,,msp7-1,,,,
