Sample.ID,Site,cpmp_allele_1,cpmp_allele_2,cpmp_allele_3,cpmp_allele_4,cpmp_allele_5,cpp_allele_1,cpp_allele_2,cpp_allele_3,cpp_allele_4,amaD3_allele_1,amaD3_allele_2,amaD3_allele_3,amaD3_allele_4,amaD3_allele_5,amaD3_allele_6
1D0,1,cpmp-1,,,,,cpp-1,,,,ama1-D3-1,,,,,
1D19,1,cpmp-1,,,,,cpp-1,,,,ama1-D3-1,,,,,
10D0,1,cpmp-24,,,,,cpp-14,,,,ama1-D3-12,,,,,
10D19,1,cpmp-24,,,,,cpp-14,,,,ama1-D3-12,,,,,
11D0,1,cpmp-25,,,,,cpp-11,,,,ama1-D3-28,,,,,
11D19,1,cpmp-25,,,,,cpp-11,,,,ama1-D3-28,,,,,
12D0,1,cpmp-28,cpmp-29,,,,cpp-14,cpp-16,,,ama1-D3-30,ama1-D3-31,ama1-D3-32,ama1-D3-33,ama1-D3-4,
12D19,1,cpmp-28,cpmp-29,cpmp-31,,,cpp-16,,,,ama1-D3-1,ama1-D3-30,ama1-D3-32,ama1-D3-33,ama1-D3-4,
13D0,1,cpmp-35,cpmp-36,,,,cpp-11,cpp-33,,,ama1-D3-35,ama1-D3-36,,,,
13D19,1,cpmp-35,cpmp-36,,,,cpp-11,cpp-33,,,ama1-D3-35,ama1-D3-36,,,,
14D0,1,cpmp-37,cpmp-8,,,,cpp-13,cpp-28,,,ama1-D3-1,ama1-D3-36,,,,
14D19,1,cpmp-8,,,,,cpp-13,,,,ama1-D3-36,,,,,
15D0,1,cpmp-40,,,,,cpp-21,,,,ama1-D3-1,,,,,
15D19,1,cpmp-10,cpmp-33,,,,cpp-31,,,,ama1-D3-31,ama1-D3-35,ama1-D3-5,ama1-D3-65,,
16D0,1,cpmp-41,,,,,cpp-24,,,,ama1-D3-43,,,,,
16D19,1,cpmp-41,,,,,cpp-24,,,,ama1-D3-43,,,,,
17D0,1,cpmp-20,,,,,cpp-32,,,,ama1-D3-43,,,,,
17D19,1,cpmp-20,,,,,cpp-32,,,,ama1-D3-43,,,,,
18D0,1,cpmp-17,cpmp-42,,,,cpp-33,,,,ama1-D3-35,,,,,
18D19,1,cpmp-28,cpmp-40,cpmp-69,,,cpp-10,cpp-23,cpp-39,,ama1-D3-36,ama1-D3-48,ama1-D3-66,ama1-D3-67,,
19D0,1,cpmp-17,cpmp-27,,,,cpp-13,cpp-25,cpp-36,,ama1-D3-34,ama1-D3-36,,,,
19D19,1,cpmp-27,,,,,cpp-25,,,,ama1-D3-34,,,,,
2D0,1,cpmp-3,cpmp-4,,,,cpp-2,cpp-3,,,ama1-D3-4,ama1-D3-5,,,,
2D19,1,cpmp-26,cpmp-3,,,,cpp-2,cpp-43,,,ama1-D3-16,ama1-D3-4,,,,
20D0,1,cpmp-42,,,,,cpp-13,,,,ama1-D3-12,,,,,
20D19,1,cpmp-22,,,,,cpp-10,,,,ama1-D3-17,,,,,
3D0,1,cpmp-8,,,,,cpp-4,,,,ama1-D3-10,,,,,
3D19,1,cpmp-8,,,,,cpp-4,,,,ama1-D3-10,,,,,
4D0,1,cpmp-10,cpmp-11,cpmp-12,cpmp-13,cpmp-7,cpp-10,cpp-7,cpp-8,cpp-9,ama1-D3-1,ama1-D3-12,ama1-D3-13,ama1-D3-14,ama1-D3-15,ama1-D3-6
4D19,1,cpmp-12,cpmp-7,,,,cpp-7,,,,ama1-D3-1,ama1-D3-14,ama1-D3-6,,,
5D0,1,cpmp-16,,,,,cpp-3,,,,ama1-D3-19,,,,,
5D19,1,cpmp-16,,,,,cpp-3,,,,ama1-D3-19,,,,,
6D0,1,cpmp-17,cpmp-18,,,,cpp-18,,,,ama1-D3-21,,,,,
6D19,1,cpmp-64,,,,,cpp-13,,,,ama1-D3-58,,,,,
7D0,1,cpmp-18,,,,,cpp-24,,,,ama1-D3-25,,,,,
7D19,1,cpmp-18,,,,,cpp-24,,,,ama1-D3-25,,,,,
8D0,1,cpmp-21,,,,,cpp-13,,,,ama1-D3-15,,,,,
8D19,1,cpmp-21,,,,,cpp-13,,,,ama1-D3-15,,,,,
9D0,1,cpmp-2,,,,,cpp-26,,,,ama1-D3-1,ama1-D3-15,,,,
9D19,1,cpmp-2,,,,,cpp-26,,,,ama1-D3-1,ama1-D3-15,,,,
